folder/name,camera,location,date,instagram
"all/AG_02851",,,,
"all/AG_02856",,,,
"all/AG_02856-2",,,,
"all/AG_02858",,,,
"all/AG_02901",,,,
"all/AG_02904",,,,
"all/AG_02916",,,,
"all/AG_02919",,,,
"all/AG_02945",,,,
"all/AG_02963",,,,
"all/AG_02987",,,,
"all/AG_03128",,,,
"all/AG_03236",,,,
"all/AG_04204",,,,
"all/AG_04225",,,,
"all/AG_04230",,,,
"all/AG_04273",,,,
"all/AG_04358",,,,
"all/AG_04404",,,,
"all/AG_04404-Edit",,,,
"all/AG_04414",,,,
"all/AG_04424",,,,
"all/AG_04439",,,,
"all/AG_04448",,,,
"all/AG_04456",,,,
"all/AG_04464",,,,
"all/AG_04465",,,,
"all/CVA09257",,,,
"all/CVA09264",,,,
"all/CVA09266-2",,,,
"all/CVA09335",,,,
"all/CVA09343",,,,
"all/CVA09348",,,,
"all/CVA09351",,,,
"all/CVA09360",,,,
"all/DSC03614",,,,
"all/DSC03621",,,,
"all/DSC03691",,,,
"all/DSC03711",,,,
"all/DSC03714",,,,
"all/DSC03837",,,,
"all/DSC03893",,,,
"all/DSC04190",,,,
"all/DSC04247",,,,
"all/DSC04251",,,,
"all/DSC04295",,,,
"all/DSC04384",,,,
"all/DSC04424",,,,
"all/DSC04429",,,,
"all/DSC04441",,,,
"all/DSC04575",,,,
"all/DSC06098",,,,
"all/DSC06104",,,,
"all/DSC06134",,,,
"all/DSC06140",,,,
"all/DSC06147",,,,
"all/DSC06190",,,,
"all/DSC06200",,,,
"all/DSC06211",,,,
"all/DSC06240",,,,
"all/DSC06258",,,,
"all/DSC06261",,,,
"all/DSC06263",,,,
"all/DSC06295",,,,
"all/DSC06299",,,,
"all/DSC06324",,,,
"all/DSC06355",,,,
"all/DSC06362",,,,
"all/DSC06758",,,,
"all/DSC06950",,,,
"all/DSC09600",,,,
"all/DSC09748",,,,
"all/DSC09771",,,,
"all/DSC09771-2",,,,
"all/DSC09771-3",,,,
"all/DSC_1172",,,,
"all/DSC_1174",,,,
"all/DSC_1175",,,,
"all/DSC_1179",,,,
"all/DSC_1188",,,,
"all/DSC_1230",,,,
"all/DSC_1249",,,,
"all/DSC_1310",,,,
"all/DSC_1317",,,,
"all/DSC_1317-2",,,,
"all/DSC_1391",,,,
"all/DSC_1478",,,,
"all/DSC_1490",,,,
"all/DSC_1628",,,,
"all/DSC_1638",,,,
"all/DSC_1657",,,,
"all/IMG_20240414_164239",,,,
"all/IMG_20240414_164258",,,,
"all/IMG_20250213_213410",,,,
"all/IMG_20250213_225032",,,,
"all/IMG_20250213_225207",,,,
"all/IMG_20250507_145658",,,,
"all/IMG_20250610_180229",,,,
"all/IMG_20250610_181245",,,,
"all/IMG_20250611_151240",,,,
"all/IMG_20250611_201522",,,,
"all/IMG_20250623_183537_1",,,,
"all/IMG_20250623_183657",,,,
"all/IMG_20250623_184300",,,,
"all/IMG_20250629_173736",,,,
"all/IMG_20250629_181606",,,,
"all/IMG_20250629_182109",,,,
"all/IMG_20250814_124551664",,,,
"all/IMG_20251031_193018519",,,,
"all/IMG_20251031_193031995",,,,
"all/P1064074",,,,
"all/_AG_7844",,,,
"all/_AG_7845",,,,
"all/_AG_7890",,,,
"all/_AG_7915",,,,
"all/_AG_7930",,,,
"all/_AG_7994",,,,
"all/_AG_8001",,,,
"all/_AG_9013",,,,
"all/_AG_9030",,,,
"all/_AG_9152",,,,
"all/_AG_9227",,,,
"all/_AG_9252",,,,
"all/_AG_9387",,,,
"all/_AG_9407",,,,
"all/_AG_9424",,,,
"architecture/IMG_20250213_213410",,,,
"architecture/IMG_20250213_225032",,,,
"architecture/IMG_20250213_225207",,,,
"architecture/IMG_20250610_180229",,,,
"architecture/IMG_20250610_181245",,,,
"architecture/IMG_20250611_151240",,,,
"architecture/IMG_20250611_201522",,,,
"architecture/IMG_20250623_183537_1",,,,
"architecture/IMG_20250623_183657",,,,
"architecture/IMG_20250623_184300",,,,
"favorite/AG_04204",,,,
"favorite/AG_04225",,,,
"favorite/AG_04404",,,,
"favorite/AG_04464",,,,
"favorite/AG_04465",,,,
"favorite/DSC04384",,,,
"favorite/DSC04424",,,,
"favorite/DSC04441",,,,
"favorite/DSC_1230",,,,
"favorite/DSC_1249",,,,
"favorite/DSC_1317",,,,
"favorite/DSC_1391",,,,
"favorite/_AG_9030",,,,
"favorite/_AG_9152",,,,
"favorite/_AG_9407",,,,
"favorite/_AG_9424",,,,
"film/0297390003",,,,
"film/0297390004",,,,
"film/0297390005",,,,
"film/0297390006",,,,
"film/0297390007",,,,
"film/0297390009",,,,
"film/0297390010",,,,
"film/0297390011",,,,
"film/0297390013",,,,
"film/0297390014",,,,
"film/0297390015",,,,
"film/0297390018",,,,
"film/0297390021",,,,
"film/0297390022",,,,
"film/0297390023",,,,
"film/0297390024",,,,
"film/0297390027",,,,
"film/0297390031",,,,
"film/0297390032",,,,
"film/0297390033",,,,
"film/0297390034",,,,
"film/0297390035",,,,
"film/0297390036",,,,
"film/0297390037",,,,
"portrait/AG_03128",,,,
"portrait/AG_03236",,,,
"portrait/AG_04204",,,,
"portrait/AG_04225",,,,
"portrait/AG_04230",,,,
"portrait/AG_04273",,,,
"portrait/AG_04358",,,,
"portrait/AG_04404",,,,
"portrait/AG_04414",,,,
"portrait/AG_04424",,,,
"portrait/AG_04439",,,,
"portrait/AG_04448",,,,
"portrait/AG_04456",,,,
"portrait/AG_04464",,,,
"portrait/AG_04465",,,,
"portrait/DSC03614",,,,
"portrait/DSC03621",,,,
"portrait/DSC03691",,,,
"portrait/DSC03711",,,,
"portrait/DSC03714",,,,
"portrait/DSC03837",,,,
"portrait/DSC03893",,,,
"portrait/DSC04190",,,,
"portrait/DSC04247",,,,
"portrait/DSC04251",,,,
"portrait/DSC04295",,,,
"portrait/DSC04384",,,,
"portrait/DSC04424",,,,
"portrait/DSC04429",,,,
"portrait/DSC04441",,,,
"portrait/DSC04575",,,,
"portrait/DSC06098",,,,
"portrait/DSC06104",,,,
"portrait/DSC06134",,,,
"portrait/DSC06140",,,,
"portrait/DSC06147",,,,
"portrait/DSC06190",,,,
"portrait/DSC06200",,,,
"portrait/DSC06211",,,,
"portrait/DSC06240",,,,
"portrait/DSC06258",,,,
"portrait/DSC06261",,,,
"portrait/DSC06263",,,,
"portrait/DSC06295",,,,
"portrait/DSC06299",,,,
"portrait/DSC06324",,,,
"portrait/DSC06355",,,,
"portrait/DSC06362",,,,
"portrait/DSC_1172",,,,
"portrait/DSC_1174",,,,
"portrait/DSC_1175",,,,
"portrait/DSC_1179",,,,
"portrait/DSC_1188",,,,
"portrait/DSC_1230",,,,
"portrait/DSC_1249",,,,
"portrait/DSC_1310",,,,
"portrait/DSC_1317",,,,
"portrait/DSC_1391",,,,
"portrait/DSC_1478",,,,
"portrait/DSC_1490",,,,
"portrait/DSC_1628",,,,
"portrait/DSC_1638",,,,
"portrait/DSC_1657",,,,
"portrait/_AG_7844",,,,
"portrait/_AG_7845",,,,
"portrait/_AG_7890",,,,
"portrait/_AG_7915",,,,
"portrait/_AG_7930",,,,
"portrait/_AG_7994",,,,
"portrait/_AG_8001",,,,
"street/AG_02851",,,,
"street/AG_02856",,,,
"street/AG_02856-2",,,,
"street/AG_02858",,,,
"street/AG_02901",,,,
"street/AG_02904",,,,
"street/AG_02916",,,,
"street/AG_02919",,,,
"street/AG_02945",,,,
"street/AG_02963",,,,
"street/AG_02987",,,,
"street/CVA09257",,,,
"street/CVA09264",,,,
"street/CVA09266-2",,,,
"street/CVA09335",,,,
"street/CVA09343",,,,
"street/CVA09348",,,,
"street/CVA09351",,,,
"street/CVA09360",,,,
"summer-picnic/_AG_9013",,,,
"summer-picnic/_AG_9030",,,,
"summer-picnic/_AG_9152",,,,
"summer-picnic/_AG_9227",,,,
"summer-picnic/_AG_9252",,,,
"summer-picnic/_AG_9387",,,,
"summer-picnic/_AG_9407",,,,
"summer-picnic/_AG_9424",,,,
